source,author,year,sample,diagnosis,modality,method,accuracy
mirzaei,ortiz-garcia,2016,275,AD/MCI/HC,PET/sMRI,DL,90
mirzaei,martinez-murcia,2016,360,AD/HC,sMRI,ML,80
mirzaei,rabeh,2016,75,AD/MCI/HC,sMRI,ML,90.66
mirzaei,khedher,2017,818,AD/MCI/HC,sMRI,ML,89
mirzaei,cheng,2017,807,AD/MCI/HC,sMRI,DL,94
mirzaei,lu,2017,272,AD/MCI/HC,PET,ML,92
mirzaei,farooq,2017,127,AD/MCI/HC,sMRI,DL,98
mirzaei,bi,2018,60,AD/HC,fMRI,ML,94
mirzaei,zheng,2018,361,AD/MCI/HC,sMRI,ML,81
mirzaei,sun,2018,509,AD/MCI/HC,T1,ML,89
mirzaei,jain,2019,150,AD/MCI/HC,sMRI,DL,95
mirzaei,kruthika,2019,475,AD/MCI/HC,sMRI,ML,96.31
mirzaei,lee,2019,1618,AD/MCI/HC,Multimodal,DL,81
mirzaei,alickovic,2019,267,AD/HC,sMRI,ML,85
mirzaei,silva,2019,69,AD/HC,sMRI,DL,96
mirzaei,wada,2019,48,AD/DLB/HC,sMRI,DL,73
mirzaei,richhariya,2020,813,AD/MCI/HC,sMRI,ML,100
mirzaei,lella,2020,80,AD/HC,Multimodal,ML,74
mirzaei,bi,2020,72,AD/HC,Multimodal,ML,87
mirzaei,feng,2020,398,AD/MCI/HC,sMRI,DL,95.74
arbabshirani,grana,2011,45,AD/HC,dMRI,ML,100
arbabshirani,bergouignan,2011,57,AD/BP/HC,dMRI,ML,100
arbabshirani,nir,2015,200,AD/MCI/HC,dMRI,ML,76.6
arbabshirani,wu,2013,31,AD/HC,rsfMRI,ML,100
arbabshirani,khazaee,2015,40,AD/HC,rsfMRI,ML,100
arbabshirani,zhou,2010,36,AD/FTD/HC,rsfMRI,ML,92
arbabshirani,challis,2015,116,AD/MCI/HC,rsfMRI,ML,82.5
arbabshirani,zhang,2015,126,AD/HC,sMRI,ML,92.3
arbabshirani,zhang,2011,100,AD/HC,sMRI,ML,90
arbabshirani,wang,2007,44,AD/HC,sMRI,ML,82.85
arbabshirani,vemuri,2008,380,AD/HC,sMRI,ML,87.44
arbabshirani,sabuncu,2012,300,AD/HC,sMRI,ML,93
arbabshirani,polat,2012,62,AD/HC,sMRI,ML,76.5
arbabshirani,oliveira,2010,34,AD/HC,sMRI,ML,88.2
arbabshirani,miller,2009,101,AD/HC,sMRI,ML,77
arbabshirani,mahanand,2012,60,AD/HC,sMRI,ML,98.4
arbabshirani,magnin,2009,38,AD/HC,sMRI,ML,94.5
arbabshirani,li,2007,39,AD/HC,sMRI,ML,89.75
arbabshirani,lerch,2008,36,AD/HC,sMRI,ML,95
arbabshirani,lee,2014,117,AD/HC,sMRI,ML,87.5
arbabshirani,hinrichs,2009,183,AD/HC,sMRI,ML,82
arbabshirani,hidalgo,2014,370,AD/HC,sMRI,ML,94.7
arbabshirani,hampel,2002,55,AD/HC,sMRI,ML,92.5
arbabshirani,frisoni,1996,77,AD/HC,sMRI,ML,84
arbabshirani,freeborough,1998,66,AD/HC,sMRI,ML,91
arbabshirani,farzan,2015,60,AD/HC,sMRI,ML,91.7
arbabshirani,farzan,2014,85,AD/HC,sMRI,DL,93.7
arbabshirani,decarli,1995,60,AD/HC,sMRI,ML,100
arbabshirani,cuingnet,2013,299,AD/HC,sMRI,ML,87
arbabshirani,coupe,2012,100,AD/HC,sMRI,ML,93
arbabshirani,chen,2014,212,AD/HC,sMRI,ML,78.5
arbabshirani,behesti,2015,260,AD/HC,sMRI,ML,86
arbabshirani,batmanghelich,2012,117,AD/HC,sMRI,ML,88
arbabshirani,arimura,2008,54,AD/HC,sMRI,ML,90.9
arbabshirani,adaszewksi,2013,448,AD/HC,sMRI,ML,72
arbabshirani,abdulkadir,2011,417,AD/HC,sMRI,ML,87
arbabshirani,kloppel,2008,195,AD/FTD/HC,sMRI,ML,91.5
arbabshirani,young,2009,66,AD/FTD/HC,sMRI,ML,88.5
arbabshirani,kaufer,1997,45,AD/FTD/HC,sMRI,ML,91
arbabshirani,costafreda,2011,262,AD/MCI/HC,sMRI,ML,80
arbabshirani,yang,2013,52,AD/MCI/HC,sMRI,ML,91.5
arbabshirani,yang,2011,416,AD/MCI/HC,sMRI,ML,83.25
arbabshirani,wolz,2011,834,AD/MCI/HC,sMRI,ML,86.5
arbabshirani,wee,2013,598,AD/MCI/HC,sMRI,ML,88.3
arbabshirani,tong,2014,834,AD/MCI/HC,sMRI,ML,85.95
arbabshirani,tang,2014,754,AD/MCI/HC,sMRI,ML,86
arbabshirani,salvatore,2015,509,AD/MCI/HC,sMRI,ML,74
arbabshirani,retico,2015,635,AD/MCI/HC,sMRI,ML,80
arbabshirani,qiu,2008,53,AD/MCI/HC,sMRI,ML,82
arbabshirani,plant,2010,74,AD/MCI/HC,sMRI,ML,92
arbabshirani,pennanen,2004,172,AD/MCI/HC,sMRI,ML,78.3
arbabshirani,mueller,2010,91,AD/MCI/HC,sMRI,ML,75.6
arbabshirani,min,2014,459,AD/MCI/HC,sMRI,ML,91.6
arbabshirani,mcevoy,2011,684,AD/MCI/HC,sMRI,ML,85
arbabshirani,mcevoy,2009,398,AD/MCI/HC,sMRI,ML,90.5
arbabshirani,liu,2014,652,AD/MCI/HC,sMRI,ML,88.65
arbabshirani,liu,2015,459,AD/MCI/HC,sMRI,ML,93.8
arbabshirani,liu,2013,413,AD/MCI/HC,sMRI,ML,70
arbabshirani,lillemark,2014,524,AD/MCI/HC,sMRI,ML,82.15
arbabshirani,li,2014,363,AD/MCI/HC,sMRI,ML,72.15
arbabshirani,li,2012,152,AD/MCI/HC,sMRI,ML,88.9
arbabshirani,lahmiri,2014,33,AD/MCI/HC,sMRI,ML,97.3
arbabshirani,goryawala,2015,385,AD/MCI/HC,sMRI,ML,92.65
arbabshirani,gerardin,2009,71,AD/MCI/HC,sMRI,ML,88.5
arbabshirani,cuingnet,2011,509,AD/MCI/HC,sMRI,ML,88
arbabshirani,chu,2012,579,AD/MCI/HC,sMRI,ML,77.5
arbabshirani,chincarini,2011,635,AD/MCI/HC,sMRI,ML,79.5
arbabshirani,casanova,2012,727,AD/MCI/HC,sMRI,ML,85
arbabshirani,bottino,2002,80,AD/MCI/HC,sMRI,ML,84.3
arbabshirani,apostolova,2014,388,AD/MCI/HC,sMRI,ML,71
arbabshirani,aguilar,2013,345,AD/MCI/HC,sMRI,ML,88.1
arbabshirani,kloppel,2015,1583,AD/MCI/DEM/HC,sMRI,ML,85
arbabshirani,wolf,2001,39,DEM/HC,sMRI,ML,76.9
arbabshirani,li,2014,36,AD/HC,sMRI/dMRI,ML,94.3
arbabshirani,prasad,2015,200,AD/MCI/HC,sMRI/dMRI,ML,68.7
arbabshirani,dyrba,2013,280,AD/HC,sMRI/dMRI,ML,77.75
arbabshirani,zarei,2009,51,AD/VaD/HC,sMRI/dMRI,ML,87.5
arbabshirani,jung,2015,192,AD/MCI/HC,sMRI/dMRI,ML,83.4
arbabshirani,dukart,2013,90,AD/HC,sMRI/PET,ML,93
arbabshirani,ortiz,2015,249,AD/MCI/HC,sMRI/PET,ML,88
arbabshirani,liu,2014,202,AD/MCI/HC,sMRI/PET,ML,86.8
arbabshirani,dai,2012,38,AD/HC,sMRI/rsfMRI,ML,89.5
arbabshirani,zu,2015,202,AD/MCI/HC,sMRI/PET,ML,88.1
arbabshirani,yun,2015,319,AD/MCI/HC,sMRI/PET,ML,83.3
arbabshirani,hinrichs,2011,233,AD/MCI/HC,sMRI/PET,ML,87.6
arbabshirani,xu,2015,340,AD/MCI/HC,sMRI/PET,ML,84.65
arbabshirani,zhang,2011,202,AD/MCI/HC,Multimodal,ML,84.8
arbabshirani,yu,2015,199,AD/MCI/HC,Multimodal,ML,86.3
arbabshirani,zhang,2014,189,AD/MCI/HC,Multimodal,ML,82.9
arbabshirani,dyrba,2015,53,AD/HC,sMRI/rsfMRI/dMRI,ML,79.5
arbabshirani,caprihan,2008,90,SCZ/HC,dMRI,ML,80
arbabshirani,caan,2006,58,SCZ/HC,dMRI,ML,75
arbabshirani,ardekani,2011,100,SCZ/HC,dMRI,ML,96
arbabshirani,honorio,2012,28,SCZ/HC,tfMRI,ML,96
arbabshirani,demirci,2008,138,SCZ/HC,tfMRI,ML,85
arbabshirani,yoon,2012,102,SCZ/HC,tfMRI,ML,62
arbabshirani,koch,2015,88,SCZ/HC,tfMRI,ML,93
arbabshirani,cao,2013,208,SCZ/HC,tfMRI,ML,77
arbabshirani,costafreda,2011,104,SCZ/HC,tfMRI,ML,92
arbabshirani,yoon,2008,34,SCZ/HC,tfMRI,ML,65.5
arbabshirani,castro,2014,52,SCZ/HC,tfMRI,ML,85
arbabshirani,castro,2011,106,SCZ/HC,tfMRI,ML,95
arbabshirani,calhoun,2008,61,SCZ/BP/HC,tfMRI,ML,89
arbabshirani,arribas,2010,60,SCZ/BP/HC,tfMRI,ML,86
arbabshirani,yu,2013,71,SCZ/MDD/HC,rsfMRI,ML,62
arbabshirani,watanabe,2014,145,SCZ/HC,rsfMRI,ML,91
arbabshirani,guo,2014,92,SCZ/HC,rsfMRI,ML,75
arbabshirani,ventakataraman,2012,36,SCZ/HC,rsfMRI,ML,75
arbabshirani,tang,2012,44,SCZ/HC,rsfMRI,ML,93
arbabshirani,su,2013,64,SCZ/HC,rsfMRI,ML,83
arbabshirani,shen,2010,52,SCZ/HC,rsfMRI,ML,86
arbabshirani,kim,2015,100,SCZ/HC,rsfMRI,DL,86
arbabshirani,kaufmann,2015,267,SCZ/HC,rsfMRI,ML,79.5
arbabshirani,cheng,2015,48,SCZ/HC,rsfMRI,ML,80
arbabshirani,fekete,2013,18,SCZ/HC,rsfMRI,ML,100
arbabshirani,fan,2011,62,SCZ/HC,rsfMRI,ML,86
arbabshirani,chyzhyk,2015,144,SCZ/HC,rsfMRI,DL,85.5
arbabshirani,bassett,2012,58,SCZ/HC,rsfMRI,ML,75
arbabshirani,arbabshirani,2013,56,SCZ/HC,rsfMRI,ML,96
arbabshirani,anticevic,2014,180,SCZ/HC,rsfMRI,ML,73.9
arbabshirani,anderson,2013,146,SCZ/HC,rsfMRI,ML,65
arbabshirani,zhang,2013,148,SCZ/HC,sMRI,ML,71
arbabshirani,zanetti,2013,124,SCZ/HC,sMRI,ML,73
arbabshirani,takayanagi,2011,92,SCZ/HC,sMRI,ML,80
arbabshirani,sun,2009,72,SCZ/PSY/HC,sMRI,ML,86
arbabshirani,schnack,2014,334,SCZ/BP/HC,sMRI,ML,78.5
arbabshirani,radulescu,2014,51,SCZ/HC,sMRI,ML,68.35
arbabshirani,pina,2015,123,SCZ/HC,sMRI,ML,90
arbabshirani,pardo,2006,28,SCZ/BP/HC,sMRI,ML,96
arbabshirani,ota,2012,189,SCZ/HC,sMRI,ML,73
arbabshirani,nieuwenhius,2012,516,SCZ/HC,sMRI,ML,71
arbabshirani,nakamura,2004,104,SCZ/HC,sMRI,ML,82
arbabshirani,koutsoleris,2015,262,SCZ/MOOD,sMRI,ML,76
arbabshirani,kawasaki,2007,92,SCZ/HC,sMRI,ML,85
arbabshirani,kasparek,2011,78,SCZ/HC,sMRI,ML,72
arbabshirani,karageorgiou,2011,75,SCZ/HC,sMRI,ML,72
arbabshirani,janousova,2015,98,SCZ/HC,sMRI,ML,81.6
arbabshirani,iawbuchi,2013,39,SCZ/HC,sMRI,ML,71.8
arbabshirani,ingalhalikar,2012,52,SCZ/HC,sMRI,ML,78
arbabshirani,greenstein,2012,197,SCZ/HC,sMRI,ML,74
arbabshirani,gould,2014,412,SCZ/HC,sMRI,ML,64
arbabshirani,fan,2007,148,SCZ/HC,sMRI,ML,91
arbabshirani,fan,2005,61,SCZ/HC,sMRI,ML,92
arbabshirani,davatzikos,2005,148,SCZ/HC,sMRI,ML,81
arbabshirani,csernansky,2004,117,SCZ/HC,sMRI,ML,79
arbabshirani,castellani,2012,108,SCZ/HC,sMRI,ML,70.5
arbabshirani,bansal,2012,105,SCZ/HC,sMRI,ML,94
arbabshirani,ota,2013,50,SCZ/MDD/HC,sMRI/dMRI,ML,80
arbabshirani,du,2012,56,SCZ/HC,tfMRI/rsfMRI,ML,95.5
arbabshirani,cetin,2015,55,SCZ/HC,tfMRI/rsfMRI,ML,72
arbabshirani,yang,2010,40,SCZ/HC,Multimodal,ML,87
arbabshirani,sui,2013,63,SCZ/HC,sMRI/rsfMRI/dMRI,ML,79
arbabshirani,fang,2012,48,MDD/HC,dMRI,ML,91.7
arbabshirani,mourao,2011,38,MDD/HC,tfMRI,ML,64.25
arbabshirani,rosa,2015,38,MDD/HC,tfMRI,ML,81.95
arbabshirani,sato,2015,46,MDD/HC,tfMRI,ML,78.1
arbabshirani,shimizu,2015,62,MDD/HC,tfMRI,ML,92.5
arbabshirani,zeng,2014,53,MDD/HC,rsfMRI,ML,92.5
arbabshirani,wei,2013,40,MDD/HC,rsfMRI,ML,90
arbabshirani,lord,2012,43,MDD/HC,rsfMRI,ML,99
arbabshirani,cao,2014,76,MDD/HC,rsfMRI,ML,76.6
arbabshirani,guo,2014,63,MDD/HC,rsfMRI,ML,90.5
arbabshirani,sepa,2014,113,MDD/HC,sMRI,ML,60.05
arbabshirani,sacchet,2015,193,MDD/BP/HC,sMRI,ML,61.1
arbabshirani,macmaster,2014,68,MDD/BP/HC,sMRI,ML,81
arbabshirani,fung,2015,64,MDD/BP/HC,sMRI,ML,74.3
arbabshirani,mwangi,2012,62,MDD/HC,sMRI,ML,90.3
arbabshirani,gong,2011,88,MDD/HC,sMRI,ML,71.65
arbabshirani,foland,2015,33,MDD/HC,sMRI,ML,70
fahti,ji,2019,615,AD/HC,sMRI,DL,98.59
fahti,cui,2019,662,AD/HC,sMRI,DL,100
fahti,shi,2018,202,AD/HC,sMRI/PET,DL,97.13
fahti,yue,2019,4359,AD/HC,sMRI,DL,98.6
fahti,sarraf,2019,1351,AD/HC,sMRI/fMRI,DL,98.75
fahti,hosseini,2018,210,AD/HC,sMRI,DL,99.31
fahti,liu,2018,339,AD/HC,PET,DL,91.2
fahti,abrol,2020,828,AD/HC,sMRI,DL,91
fahti,basaia,2019,1638,AD/HC,sMRI,DL,98.2
fahti,cui,2019,830,AD/HC,sMRI,DL,91.33
fahti,jain,2019,150,AD/HC,sMRI,DL,99.14
fahti,jie,2020,174,AD/HC,fMRI,DL,88
fahti,kruthika,2019,1941,AD/HC,sMRI,DL,97.6
fahti,li,2018,831,AD/HC,sMRI,DL,89.5
fahti,li,2019,807,AD/HC,sMRI,DL,89.1
fahti,liu,2020,449,AD/HC,sMRI,DL,88.9
fahti,suk,2014,398,AD/HC,sMRI/PET,DL,95.35
fahti,suk,2017,805,AD/HC,sMRI,DL,91.02
fahti,wang,2019,833,AD/HC,sMRI,DL,98.83
fahti,basheera,2019,1820,AD/HC,sMRI,DL,100
fahti,billones,2017,900,AD/HC,sMRI,DL,98.33
fahti,li,2020,389,AD/HC,fMRI,DL,97.37
fahti,ortiz,2016,275,AD/HC,sMRI/PET,DL,90
fahti,ji,2020,490,AD/HC,sMRI,DL,98.59
fahti,vu,2018,615,AD/HC,sMRI/PET,DL,98.8
fahti,yu,2019,381,AD/HC,sMRI,DL,99.47
fahti,yue,2018,1663,AD/HC,sMRI,DL,95.44
fahti,zheng,2018,962,AD/HC,PET,DL,91
fahti,liu,2014,311,AD/HC,sMRI/PET,DL,87.76
fahti,liu,2018,397,AD/HC,sMRI/PET,DL,93.26
fahti,lu,2018,1224,AD/HC,sMRI/PET,DL,84.6
fahti,liu,2015,331,AD/HC,sMRI/PET,DL,91.4
fahti,nanni,2020,773,AD/HC,sMRI,DL,90.8
fahti,odusami,2021,138,AD/HC,fMRI,DL,80.8
fahti,pan,2020,509,AD/HC,sMRI,DL,84
fahti,pan,2021,1006,AD/HC,PET,DL,93.13
fahti,zhang,2021,968,AD/HC,sMRI,DL,97.35
fahti,zhang,2021,1407,AD/HC,sMRI,DL,91.3
fahti,jin,2020,1832,AD/HC,sMRI,DL,92
fahti,mehmoo,2021,300,AD/HC,sMRI,DL,98.73
fahti,li,2021,807,AD/HC,sMRI,DL,85.9
fahti,sun,2021,959,AD/HC,PET,DL,90.1
fahti,basheera,2021,377,AD/HC,sMRI,DL,98
fahti,kumar,2021,600,AD/HC,sMRI,DL,92
fahti,naz,2021,379,AD/HC,sMRI,DL,98.89
fahti,zhang,2021,1461,AD/HC,sMRI,DL,95.2
fahti,helaly,2021,300,AD/HC,sMRI,DL,97.23
fahti,sethi,2021,365,AD/HC,sMRI,DL,92.56
fahti,song,2021,381,AD/HC,sMRI,DL,94.11
fahti,kamada,2021,360,AD/HC,sMRI,DL,92.3
fahti,kamada,2021,195,AD/HC,PET,DL,98.7
fahti,guan,2022,1340,AD/HC,sMRI,DL,90.7
fahti,zhang,2022,496,AD/HC,sMRI,DL,88.3
fahti,hu,2022,639,AD/HC,sMRI,DL,99.62
fahti,liu,2022,520,AD/HC,sMRI,DL,98.96
shoebi,siar,2019,1111,MS/HC,sMRI,DL,96.88
shoebi,eitel,2019,147,MS/HC,sMRI,DL,80.92
shoebi,afzal,2019,21,MS/HC,T2,DL,100
shoebi,alijamaat,2020,58,MS/HC,sMRI,DL,99.05
shoebi,shrwan,2021,38,MS/HC,T1,DL,99.55
shoebi,wang,2018,64,MS/HC,T2,DL,98.77
shoebi,zhang,2018,64,MS/HC,sMRI,DL,91.33
shoebi,eitel,2019,147,MS/HC,T1/FLAIR,DL,87.94
shoebi,ye,2020,38,MS/HC,FLAIR/T1,DL,93.4
shoebi,yoo,2018,99,MS/HC,T1,DL,87.9
filipis,greenstein,2012,197,SCZ/HC,sMRI,ML,73.7
filipis,castellani,2012,108,SCZ/HC,sMRI,ML,75.25
filipis,iwabuchi,2013,39,SCZ/HC,sMRI,ML,69.15
filipis,lu,2016,83,SCZ/HC,sMRI,ML,88.4
filipis,pinaya,2016,258,SCZ/PSY/HC,sMRI,DL,73.6
filipis,xiao,2017,326,SCZ/HC,sMRI,ML,83.4
filipis,salvador,2017,383,SCZ/BP/HC,sMRI,ML,75.5
filipis,yoon,2008,34,SCZ/HC,fMRI,ML,93
filipis,yang,2010,40,SCZ/HC,fMRI,ML,77.4
filipis,su,2013,64,SCZ/HC,fMRI,ML,80.2
filipis,zhu,2014,45,SCZ/HC,rsfMRI,ML,83.6
filipis,castro,2014,52,SCZ/HC,fMRI,ML,85
filipis,arbabshirani,2014,370,SCZ/HC,fMRI,ML,88.2
filipis,watanabe,2014,91,SCZ/HC,rsfMRI,ML,82.6
filipis,cao,2014,208,SCZ/HC,fMRI,ML,63.1
filipis,matsuraba,2015,211,SCZ/BP/HC,rsfMRI,ML,76.6
filipis,koch,2015,98,SCZ/HC,fMRI,ML,81.25
filipis,chyzhyk,2015,147,SCZ/HC,fMRI,ML,90
filipis,cabral,2016,145,SCZ/HC,sMRI,ML,69.7
filipis,cabral,2016,156,SCZ/HC,fMRI,ML,70.5
filipis,cabral,2016,156,SCZ/HC,sMRI/fMRI,ML,75
filipis,kim,2016,100,SCZ/HC,rsfMRI,DL,85.8
filipis,liu,2017,79,SCZ/HC,rsfMRI,ML,89.9
filipis,guo,2017,96,SCZ/HC,fMRI,ML,94.6
filipis,orban,2017,382,SCZ/HC,fMRI,ML,84
filipis,wang,2017,79,SCZ/HC,fMRI,ML,90.1
filipis,chen,2017,60,SCZ/MDD/HC,fMRI,ML,79
filipis,bae,2017,75,SCZ/HC,fMRI,ML,92.1
filipis,quershi,2017,144,SCZ/HC,fMRI,ML,99.3
filipis,reavis,2017,148,SCZ/BP/HC,fMRI,ML,41
filipis,chen,2017,109,SCZ/ASD/HC,fMRI,ML,81.7
filipis,plaschke,2017,170,SCZ/HC,rsfMRI,ML,66.5
filipis,liu,2018,79,SCZ/HC,rsfMRI,ML,94.93
filipis,zeng,2018,734,SCZ/HC,rsfMRI,ML,83
quaak,dakka,2017,95,SCZ/HC,tfMRI,DL,66.4
quaak,pinaya,2019,75,SCZ/HC,sMRI,DL,70.7
quaak,matsubara,2019,175,SCZ/HC,rsfMRI,DL,71.3
quaak,vyskovsky,2019,104,SCZ/HC,sMRI,DL,73.1
quaak,pinaya,2016,226,SCZ/HC,sMRI,DL,73.6
quaak,ulloa,2015,389,SCZ/HC,sMRI,DL,75
quaak,han,2017,70,SCZ/HC,rsfMRI,DL,79.3
quaak,li,2019,183,SCZ/HC,Multimodal,DL,80.5
quaak,lei,2019,747,SCZ/HC,rsfMRI,DL,81
quaak,wang,2019,56,SCZ/HC,rsfMRI,DL,82.2
quaak,yang,2019,222,SCZ/HC,rsfMRI,DL,82.8
quaak,yan,2019,1110,SCZ/HC,rsfMRI,DL,83.2
quaak,oh,2019,144,SCZ/HC,tfMRI,DL,84.4
quaak,yan,2017,1110,SCZ/HC,rsfMRI,DL,84.8
quaak,zeng,2018,784,SCZ/HC,rsfMRI/tfMRI,DL,85
quaak,kim,2016,100,SCZ/HC,rsfMRI,DL,86.5
quaak,plis,2014,389,SCZ/HC,sMRI,DL,91
quaak,chyzhyk,2015,146,SCZ/HC,rsfMRI,DL,91.2
quaak,patel,2016,146,SCZ/HC,rsfMRI,DL,92
quaak,srinivasagopalan,2019,144,SCZ/HC,sMRI/rsfMRI,DL,94.4
quaak,quershi,2019,144,SCZ/HC,rsfMRI,DL,98
quaak,quershi,2017,144,SCZ/HC,sMRI/rsfMRI,DL,99.3
quaak,matsubara,2019,163,BP/HC,rsfMRI,DL,64
quaak,pominova,2018,50,MDD/HC,rsfMRI,DL,73
quaak,miholca,2017,39,MDD/HC,tfMRI,DL,92.3
verma,ulas,2012,100,SCZ/HC,sMRI,ML,81
verma,park,2020,152,SCZ/HC,sMRI,ML,80.4
verma,ulas,2011,114,SCZ/HC,sMRI,ML,85.96
verma,castellani,2012,108,SCZ/HC,sMRI,ML,84.09
verma,modinos,2012,40,SCZ/HC,fMRI,ML,75
verma,arbabshirani,2013,56,SCZ/HC,fMRI,ML,96
verma,castro,2014,52,SCZ/HC,fMRI,ML,90
verma,jafri,2006,35,SCZ/HC,fMRI,DL,76
verma,bae,2018,75,SCZ/HC,fMRI,ML,92.1
verma,chin,2018,212,SCZ/HC,sMRI,ML,92
verma,depierrefeu,2018,37,SCZ/HC,fMRI,ML,73
verma,li,2019,131,SCZ/HC,fMRI,ML,76.34
verma,liu,2019,56,SCZ/HC,fMRI,ML,92.9
verma,sutcubasi,2019,62,SCZ/HC,DTI,DL,81.25
verma,vyskovsky,2019,104,SCZ/HC,sMRI,DL,73.12
verma,chen,2020,68,SCZ/HC,sMRI,ML,85
verma,lei,2020,747,SCZ/HC,sMRI/fMRI,ML,90.83
verma,vieira,2020,958,SCZ/HC,sMRI,DL,70
verma,yang,2020,88,SCZ/HC,fMRI,ML,99.46
verma,yassin,2020,97,SCZ/HC,sMRI,ML,75
verma,lin,2021,210,SCZ/HC,fMRI/DTI,ML,95.33
verma,shi,2021,145,SCZ/HC,sMRI/fMRI,ML,93.75
verma,algumaei,2022,140,SCZ/HC,fMRI,ML,98.57
verma,tanveer,2022,146,SCZ/HC,sMRI,ML,80.71
wolfers,yushkevich,2005,92,SCZ/HC,sMRI,ML,71
wolfers,davatzikos,2005,138,SCZ/HC,sMRI,ML,81.1
wolfers,shi,2007,83,SCZ/HC,sMRI,ML,80
wolfers,fan,2007,148,SCZ/HC,sMRI,ML,91.3
wolfers,kawasaki,2007,92,SCZ/HC,sMRI,ML,80
wolfers,sun,2009,72,SCZ/HC,sMRI,ML,86.1
wolfers,pohl,2009,33,SCZ/HC,sMRI,ML,90
wolfers,koutsoleris,2009,120,SCZ/HC,sMRI,ML,84.83
wolfers,anderson,2010,20,SCZ/HC,rsfMRI,ML,75
wolfers,takayanagi,2010,82,SCZ/HC,sMRI,ML,75.6
wolfers,rathi,2010,41,SCZ/HC,dMRI,ML,85.5
wolfers,shen,2010,62,SCZ/HC,rsfMRI,ML,86.5
wolfers,yang,2010,40,SCZ/HC,tfMRI,ML,87
wolfers,shen,2010,50,SCZ/HC,rsfMRI,ML,85
wolfers,ingalhalikar,2010,79,SCZ/ASD/HC,dMRI,ML,90.1
wolfers,kasparek,2011,78,SCZ/HC,sMRI,ML,72
wolfers,karageorgiou,2011,78,SCZ/HC,sMRI,ML,70.5
wolfers,fan,2011,62,SCZ/HC,rsfMRI,ML,87
wolfers,castro,2011,106,SCZ/HC,tfMRI,ML,95
wolfers,ardekani,2011,100,SCZ/HC,dMRI,ML,96
wolfers,takayanagi,2011,92,SCZ/HC,sMRI,ML,87.68
wolfers,costafreda,2011,104,SCZ/BP/HC,tfMRI,ML,85.5
wolfers,yoon,2012,102,SCZ/HC,tfMRI,ML,62
wolfers,greenstein,2012,197,SCZ/HC,sMRI,ML,73.7
wolfers,bassett,2012,58,SCZ/HC,rsfMRI,ML,75
wolfers,castellani,2012,108,SCZ/HC,sMRI,ML,75
wolfers,borgwardt,2012,45,SCZ/HC,sMRI,ML,86.7
wolfers,du,2012,56,SCZ/HC,rsfMRI,ML,93
wolfers,tang,2012,44,SCZ/HC,rsfMRI,ML,93.20
wolfers,bassal,2012,119,SCZ/ADHD/HC,sMRI,ML,92.525
wolfers,honorio,2012,18,SCZ/HC,tfMRI,ML,96.4
wolfers,venkataraman,2012,36,SCZ/HC,sMRI/rsfMRI,ML,75
wolfers,nieuwenhuis,2012,516,SCZ/HC,sMRI,ML,70.9
wolfers,liu,2012,46,SCZ/HC,rsfMRI,ML,80.4
wolfers,zanetti,2013,124,SCZ/HC,sMRI,ML,73.40
wolfers,iwabuchi,2013,39,SCZ/HC,sMRI,ML,77
wolfers,hu,2013,20,SCZ/HC,rsfMRI,ML,77.50
wolfers,fekete,2013,18,SCZ/HC,rsfMRI,ML,88
wolfers,arbabshirani,2013,56,SCZ/HC,rsfMRI,ML,96
wolfers,ota,2013,84,SCZ/MDD/HC,sMRI/dMRI,ML,80
wolfers,su,2013,64,SCZ/HC,rsfMRI,ML,80
wolfers,yu,2013,89,SCZ/MDD/HC,rsfMRI,ML,81.325
wolfers,gould,2014,260,SCZ/HC,sMRI,ML,68
wolfers,zhu,2014,20,SCZ/HC,sMRI/dMRI,ML,100
wolfers,schnack,2014,132,SCZ/HC,sMRI,ML,75.5
wolfers,schnack,2014,132,SCZ/BP,sMRI,ML,59
wolfers,mueller,2015,68,SCZ/HC,rsfMRI,ML,74
wolfers,janousova,2015,98,SCZ/HC,sMRI,ML,81.6
wolfers,koch,2015,88,SCZ/HC,tfMRI,ML,93
wolfers,koutsoleris,2015,262,SCZ/MDD,sMRI,ML,76
wolfers,arribas,2010,61,SCZ/BP/HC,tfMRI,ML,71.9
wolfers,marquand,2008,40,MDD/HC,tfMRI,ML,67.5
wolfers,fu,2008,38,MDD/HC,tfMRI,ML,86
wolfers,costafreda,2009,74,MDD/HC,sMRI,ML,67.6
wolfers,craddock,2009,40,MDD/HC,rsfMRI,ML,95
wolfers,hahn,2011,60,MDD/HC,tfMRI,ML,83
wolfers,nouretdinov,2011,38,MDD/HC,tfMRI,ML,86.9
wolfers,fang,2012,48,MDD/HC,dMRI/sMRI,ML,91.7
wolfers,zeng,2012,55,MDD/HC,rsfMRI,ML,94.3
wolfers,korgaonkar,2012,46,MDD/HC,dMRI/sMRI,ML,96
wolfers,mourao,2012,36,MDD/HC,tfMRI,ML,61
wolfers,mourao,2012,36,BP/HC,tfMRI,ML,64
wolfers,mourao,2012,36,BP/MDD,tfMRI,ML,67
wolfers,bansal,2012,66,BP/HC,sMRI,ML,98.2
wolfers,lord,2012,44,MDD/HC,rsfMRI,ML,99
wolfers,mwangi,2012,124,MDD/HC,sMRI,ML,90.3
wolfers,wei,2013,40,MDD/HC,rsfMRI,ML,90
wolfers,ma,2013,58,MDD/HC,rsfMRI,ML,90.06
wolfers,ota,2013,84,MDD/SCZ,sMRI/dMRI,ML,80
wolfers,grotegerd,2013,20,MDD/HC,tfMRI,ML,85
wolfers,grotegerd,2013,20,BP/HC,tfMRI,ML,80
wolfers,grotegerd,2013,20,MDD/BP,tfMRI,ML,90
wolfers,yu,2013,89,MDD/SCZ/HC,rsfMRI,ML,80.9
wolfers,cao,2014,76,MDD/HC,rsfMRI,ML,78.95
wolfers,qin,2014,59,MDD/HC,sMRI/dMRI,ML,80.05
wolfers,guo,2014,63,MDD/HC,rsfMRI,DL,90.05
wolfers,schnack,2014,112,BP/HC,sMRI,ML,59
wolfers,schnack,2014,112,SCZ/HC,sMRI,ML,75.5
wolfers,schnack,2014,112,BP/SCZ,sMRI,ML,65.5
wolfers,serpa,2014,94,BP/HC,sMRI,ML,66.1
wolfers,serpa,2014,90,MDD/HC,sMRI,ML,59.6
wolfers,serpa,2014,42,MDD/BP,sMRI,ML,54.76
wolfers,redlich,2014,58,MDD/BP,sMRI,ML,72.4
wolfers,rosa,2015,38,MDD/HC,tfMRI,ML,78.95
wolfers,arribas,2010,61,MDD/SCZ/HC,tfMRI,ML,71.9
wolfers,rocha,2014,80,BP/HC,sMRI,ML,72.5
claude,anticevic,2014,114,BP/HC,rsfMRI,ML,61.7
claude,besga,2012,37,BP/HC,DTI,ML,100
claude,burger,2017,108,MDD/BP/HC,tfMRI,ML,59.72
claude,chen,2014,23,BP/HC,sMRI,ML,57
claude,doan,2017,697,BP/HC/SCZ,sMRI,ML,66
claude,frangou,2017,60,BP/HC,tfMRI,ML,83.5
claude,grotegerd,2013,30,BP/MDD/HC,tfMRI,ML,65
claude,jie,2015,69,BP/MDD/HC,sMRI,ML,80.78
claude,jie,2018,73,BP/MDD/HC,rsfMRI,ML,82.22
claude,li,2017,66,BP/MDD/HC,rsfMRI,ML,81
claude,matsuo,2019,1742,BP/MDD/HC,sMRI,ML,58.3
claude,mourao,2012,54,BP/MDD/HC,tfMRI,ML,64
claude,mwangi,2014,32,BP/HC,sMRI,ML,78.12
claude,mwangi,2015,32,BP/HC,DTI,ML,78.12
claude,mwangi,2016,256,BP/HC,sMRI,ML,70.3
claude,nunes,2018,3020,BP/HC,sMRI,ML,58.67
claude,redlich,2014,232,BP/MDD/HC,sMRI,ML,82.76
claude,rocha,2014,80,BP/HC,sMRI,ML,73
claude,sacchet,2015,101,BP/HC,sMRI,ML,55.9
claude,salvador,2017,383,BP/SCZ/HC,sMRI,ML,63
claude,serpa,2014,113,BP/MDD/HC,sMRI,ML,66.1
claude,schnack,2014,334,BP/SCZ/HC,sMRI,ML,63
claude,fung,2015,64,BP/SCZ/MDD,sMRI,ML,74.3
claude,grotegerd,2014,66,BP/MDD/HC,tfMRI,ML,79.6
claude,rive,2016,91,BP/MDD,sMRI,ML,69.1
claude,ruben,2018,117,BP/MDD,sMRI,ML,75
claude,serpa,2014,113,BP/MDD/HC,sMRI,ML,65.76
claude,gao,2017,106,BP/MDD/HC,rsfMRI,ML,93.1
claude,arribas,2010,60,BP/SCZ/HC,tfMRI,DL,71
claude,chen,2014,34,BP/SCZ,sMRI/tfMRI,ML,87.5
claude,costafreda,2011,104,SCZ/BP/HC,tfMRI,ML,79
claude,du,2015,93,BP/SCZ/HC,rsfMRI,ML,68.75
claude,palaniyappan,2018,57,SCZ/BP,sMRI/rsfMRI,ML,64.1
claude,rashid,2016,159,SCZ/BP/HC,fMRI,ML,84
claude,sutsucsabi,2019,103,SCZ/BP/HC,DTI,DL,81.25
claude,calhoun,2008,61,BP/SCZ/HC,tfMRI,ML,90
aggarwal,vyas,2022,318,PD/HC,T2,DL,88.9
aggarwal,bhan,2021,54,PD/HC,T1,DL,97.62
aggarwal,mozhdehfarahbakhsh,2021,100,PD/HC,sMRI,DL,94
aggarwal,solana,2021,480,PD/HC,T1,ML,97.99
aggarwal,kaur,2021,504,PD/HC,T2,DL,89.23
aggarwal,chakraborty,2020,906,PD/HC,T1,DL,95.3
aggarwal,sivaranjini,2020,182,PD/HC,T2,DL,88.9
aggarwal,shah,2018,500,PD/HC,T2,DL,96.87
aggarwal,esmaelizadehet,2018,656,PD/HC,sMRI,DL,82
aggarwal,singh,2018,1316,PD/AD/HC,T1,DL,94.29
aggarwal,peng,2018,172,PD/HC,T1,ML,85.78
aggarwal,nithya,2022,200,PD/HC,SPECT,ML,93
aggarwal,kurmi,2022,645,PD/HC,SPECT,DL,98.45
aggarwal,dehgan,2022,650,PD/HC,SPECT,DL,95.5
aggarwal,magesh,2020,642,PD/HC,SPECT,DL,95.2
aggarwal,hsu,2020,202,PD/HC,SPECT,DL,85
aggarwal,castillo,2020,386,PD/HC,SPECT,ML,97.04
aggarwal,ortiz,2019,269,PD/HC,SPECT,DL,95.1
aggarwal,wenzel,2019,645,PD/HC,SPECT,DL,62.9
aggarwal,martinez,2018,642,PD/HC,SPECT,DL,94.1
aggarwal,kim,2018,153,PD/HC,SPECT,DL,96.3
aggarwal,zhang,2017,1513,PD/HC,SPECT,DL,93.8
aggarwal,challa,2017,686,PD/HC,Multimodal,DL,97.159
aggarwal,oliveira,2015,654,PD/HC,SPECT,ML,97.86
aggarwal,yadav,2018,30,PD/HC,fMRI,DL,100
ebramhimighahnavieh,suk,2013,202,AD/HC,Multimodal,DL,95.9
ebramhimighahnavieh,gupta,2013,755,AD/HC,sMRI,DL,94.74
ebramhimighahnavieh,liu,2014,311,AD/HC,sMRI/PET,DL,87.76
ebramhimighahnavieh,suk,2014,398,AD/HC,sMRI/PET,DL,95.35
ebramhimighahnavieh,li,2014,202,AD/HC,sMRI/PET,DL,91.4
ebramhimighahnavieh,payan,2015,2265,AD/HC,sMRI,DL,95.39
ebramhimighahnavieh,liu,2015,311,AD/HC,sMRI/PET,DL,91.40
ebramhimighahnavieh,suk,2015,202,AD/HC,Multimodal,DL,98.8
ebramhimighahnavieh,liu,2015,311,AD/HC,sMRI/PET,DL,90.11
ebramhimighahnavieh,chen,2015,338,AD/HC,sMRI,DL,88.98
ebramhimighahnavieh,li,2015,202,AD/HC,Multimodal,DL,91.4
ebramhimighahnavieh,hosseini,2016,210,AD/HC,sMRI,DL,97.6
ebramhimighahnavieh,billones,2016,900,AD/HC,sMRI,DL,98.33
ebramhimighahnavieh,sarraf,2016,302,AD/HC,sMRI,DL,98.84
ebramhimighahnavieh,sarraf,2016,43,AD/HC,fMRI,DL,96.86
ebramhimighahnavieh,sarraf,2016,43,AD/HC,fMRI,DL,96.86
ebramhimighahnavieh,sarraf,2016,302,AD/HC,sMRI/fMRI,DL,100
ebramhimighahnavieh,zheng,2016,103,AD/HC,sMRI/PET,DL,97.27
ebramhimighahnavieh,bhatkoti,2016,150,AD/HC,Multimodal,DL,83.14
ebramhimighahnavieh,hosseini,2016,240,AD/HC,sMRI,DL,99.3
ebramhimighahnavieh,ortiz,2016,275,AD/HC,sMRI/PET,DL,90
ebramhimighahnavieh,suk,2016,805,AD/HC,sMRI,DL,91.02
ebramhimighahnavieh,shakeri,2016,560,AD/HC,sMRI,DL,84
ebramhimighahnavieh,suk,2016,202,AD/HC,Multimodal,DL,95.09
ebramhimighahnavieh,aderghal,2017,815,AD/HC,sMRI,DL,82.2
ebramhimighahnavieh,cheng,2017,339,AD/HC,PET,DL,91.19
ebramhimighahnavieh,cheng,2017,193,AD/HC,PET,DL,92.2
ebramhimighahnavieh,aderghal,2017,815,AD/HC,sMRI,DL,91.41
ebramhimighahnavieh,korolev,2017,231,AD/HC,sMRI,DL,88
ebramhimighahnavieh,valliani,2017,660,AD/HC,sMRI,DL,81.3
ebramhimighahnavieh,hon,2017,416,AD/HC,sMRI,DL,96.25
ebramhimighahnavieh,karwath,2017,2630,AD/HC,PET,DL,91.6
ebramhimighahnavieh,ortiz,2017,138,AD/HC,sMRI,DL,94
ebramhimighahnavieh,li,2017,832,AD/HC,sMRI,DL,91.7
ebramhimighahnavieh,li,2017,428,AD/HC,sMRI,DL,88.31
ebramhimighahnavieh,cheng,2017,193,AD/HC,sMRI/PET,DL,89.64
ebramhimighahnavieh,vu,2017,317,AD/HC,sMRI/PET,DL,91.14
ebramhimighahnavieh,majumdar,2017,202,AD/HC,Multimodal,DL,95.4
ebramhimighahnavieh,faturrahman,2017,98,AD/HC,sMRI,DL,91.76
ebramhimighahnavieh,jha,2017,95,AD/HC,sMRI,DL,91.6
ebramhimighahnavieh,suk,2017,805,AD/HC,sMRI,DL,91.02
ebramhimighahnavieh,shi,2017,338,AD/HC,sMRI,DL,91.95
ebramhimighahnavieh,aderghal,2017,815,AD/HC,sMRI,DL,91.41
ebramhimighahnavieh,collazos,2017,694,AD/HC,sMRI,DL,93.2
ebramhimighahnavieh,ortiz,2017,80,AD/HC,sMRI,DL,85
ebramhimighahnavieh,cheng,2017,428,AD/HC,sMRI,DL,87.15
ebramhimighahnavieh,liu,2018,397,AD/HC,sMRI/PET,DL,93.26
ebramhimighahnavieh,karasawa,2018,1728,AD/HC,sMRI,DL,94
ebramhimighahnavieh,senanayake,2018,515,AD/HC,Multimodal,DL,79
ebramhimighahnavieh,liu,2018,856,AD/HC,sMRI,DL,90.56
ebramhimighahnavieh,liu,2018,821,AD/HC,sMRI,DL,91.09
ebramhimighahnavieh,gao,2018,415,AD/HC,sMRI,DL,89.5
ebramhimighahnavieh,aderghal,2018,815,AD/HC,MRI/DTI,DL,92.5
ebramhimighahnavieh,vu,2018,615,AD/HC,sMRI/PET,DL,98.8
ebramhimighahnavieh,backstrom,2018,340,AD/HC,sMRI,DL,98.37
ebramhimighahnavieh,cui,2018,428,AD/HC,sMRI,DL,89.69
ebramhimighahnavieh,shi,2018,202,AD/HC,sMRI/PET,DL,97.13
ebramhimighahnavieh,lu,2018,1051,AD/HC,PET,DL,93.58
ebramhimighahnavieh,choi,2018,492,AD/HC,PET,DL,96
ebramhimighahnavieh,wang,2018,196,AD/HC,sMRI,DL,97.65
ebramhimighahnavieh,liu,2018,339,AD/HC,PET,DL,91.2
ebramhimighahnavieh,lu,2018,2402,AD/HC,sMRI/PET,DL,84.6
ebramhimighahnavieh,wegmayr,2018,1790,AD/HC,sMRI,DL,75
ebramhimighahnavieh,punjabi,2018,723,AD/HC,sMRI/PET,DL,94
ebramhimighahnavieh,taqi,2018,500,AD/HC,sMRI,DL,100
ebramhimighahnavieh,chen,2018,764,AD/HC,sMRI,DL,93.9
ebramhimighahnavieh,kim,2018,202,AD/HC,Multimodal,DL,97.12
ebramhimighahnavieh,yang,2018,103,AD/HC,sMRI,DL,79.4
ebramhimighahnavieh,li,2018,831,AD/HC,sMRI,DL,89.5
ebramhimighahnavieh,khvostikov,2018,531,AD/HC,sMRI/DTI,DL,93.3
ebramhimighahnavieh,tang,2018,321,AD/HC,sMRI,DL,96.81
ebramhimighahnavieh,wegmayr,2018,2464,AD/HC,sMRI,DL,86
ebramhimighahnavieh,cui,2018,231,AD/HC,sMRI,DL,86.98
ebramhimighahnavieh,spasov,2018,376,AD/HC,Multimodal,DL,99
ebramhimighahnavieh,islam,2018,1726,AD/HC,sMRI,DL,94.97
ebramhimighahnavieh,rieke,2018,969,AD/HC,sMRI,DL,77
ebramhimighahnavieh,lian,2018,1457,AD/HC,sMRI,DL,90
ebramhimighahnavieh,qiao,2018,68,AD/HC,fMRI,DL,95.59
ebramhimighahnavieh,basaia,2019,1638,AD/HC,sMRI,DL,98.2
ebramhimighahnavieh,jain,2019,150,AD/HC,sMRI,DL,99.14
ebramhimighahnavieh,spasov,2019,785,AD/HC,Multimodal,DL,100
ebramhimighahnavieh,wamg,2019,833,AD/HC,sMRI,DL,98.83
aslam,ashtiani,2022,20,MS/HC,fMRI,ML,85
aslam,zhang,2017,72,MS/HC,sMRI,DL,97.8
aslam,wang,2016,72,MS/HC,sMRI,ML,97.76
aslam,zhang,2016,76,MS/HC,sMRI,ML,97.94
aslam,zhang,2019,84,MS/HC,T1/T2,ML,84.5
aslam,sacca,2019,37,MS/HC,rsfMRI,ML,85.7
aslam,moghadasi,2019,72,MS/HC,sMRI,ML,77.83
aslam,rezaee,2020,125,MS/HC,sMRI,ML,97
aslam,eksi,2021,90,MS/HC,sMRI,DL,100
aslam,yuling,2021,45,MS/HC,T2,ML,82.7
aslam,elsebely,2021,45,MS/HC,T1/T2/FLAIR,ML,98.5
aslam,bonamo,2021,20,MS/HC,FLAIR,ML,87
aslam,jain,2022,192,MS/HC,sMRI,ML,96.55
aslam,hahn,2019,64,MS/HC,sMRI,DL,91.95
aslam,wu,2017,67,MS/HC,sMRI,ML,89.72
aslam,azarmi,2019,20,MS/HC,fMRI,ML,95
aslam,macin,2022,131,MS/HC,FLAIR,ML,98.37
aslam,neeb,2018,97,MS/HC,T1/T2,ML,79.1
aslam,zurita,2018,150,MS/HC,dMRI/fMRI,ML,88.9
aslam,yoo,2018,99,MS/HC,T1,ML,87.9
aslam,eitel,2019,147,MS/HC,T1,DL,87.04
aslam,soltani,2020,72,MS/HC,T2,DL,99.66
aslam,siar,2019,200,MS/HC,sMRI,DL,96.88
aslam,wang,2021,64,MS/HC,sMRI,DL,95.82
aslam,wang,2018,64,MS/HC,sMRI,DL,98.77
aslam,zhang,2018,64,MS/HC,sMRI,DL,98.23
aslam,acar,2022,30,MS/HC,FLAIR,DL,90.3
aslam,fooladi,2018,60,MS/HC,T1,DL,90
aslam,lopatina,2020,132,MS/HC,sMRI,DL,92
aslam,alijamaat,2021,58,MS/HC,sMRI,DL,99.05
aslam,yoo,2019,140,MS/HC,Multimodal,DL,75
aslam,jannat,2021,30,MS/HC,T1/T2/FLAIR,DL,98.24
aslam,zhang,2021,38,MS/HC,T1/T2/FLAIR,DL,95.42
aslam,ye,2020,38,MS/HC,Multimodal,DL,93.4
aslam,shmueli,2022,39,MS/HC,sMRI,DL,91
aslam,wang,2020,64,MS/HC,sMRI,DL,98.31
aslam,karaca,2017,120,MS/HC,sMRI,DL,99.78
rashid,caprihan,2008,90,SCZ/HC,dMRI,ML,80
rashid,caan,2006,58,SCZ/HC,dMRI,ML,75
rashid,ardekani,2011,100,SCZ/HC,dMRI,ML,96
rashid,honorio,2012,28,SCZ/HC,tfMRI,ML,96
rashid,demirci,2008,138,SCZ/HC,tfMRI,ML,85
rashid,yoon,2012,102,SCZ/HC,tfMRI,ML,62
rashid,koch,2015,88,SCZ/HC,tfMRI,ML,93
rashid,cao,2013,208,SCZ/HC,tfMRI,ML,77
rashid,costafreda,2011,104,SCZ/BP/HC,tfMRI,ML,92
rashid,yoon,2008,34,SCZ/HC,tfMRI,ML,65.5
rashid,bleich,2014,53,SCZ/HC,tfMRI,ML,83
rashid,castro,2014,52,SCZ/HC,tfMRI,ML,85
rashid,castro,2011,106,SCZ/HC,tfMRI,ML,95
rashid,calhoun,2008,61,SCZ/BP/HC,tfMRI,ML,89
rashid,arribas,2010,60,SCZ/HC,tfMRI,ML,86
rashid,du,2012,56,SCZ/HC,tfMRI,ML,95.5
rashid,cetin,2015,55,SCZ/HC,tfMRI,ML,72
rashid,yang,2010,40,SCZ/HC,tfMRI,ML,87
rashid,yu,2013,71,SCZ/HC,rsfMRI,ML,62
rashid,yu,2013,89,SCZ/MDD/HC,rsfMRI,ML,80.9
rashid,watanabe,2014,145,SCZ/HC,rsfMRI,ML,91
rashid,guo,2014,92,SCZ/HC,rsfMRI,ML,75
rashid,venkataraman,2012,36,SCZ/HC,rsfMRI,ML,75
rashid,tang,2012,44,SCZ/HC,rsfMRI,ML,93
rashid,su,2013,64,SCZ/HC,rsfMRI,ML,83
rashid,shen,2010,52,SCZ/HC,rsfMRI,ML,86
rashid,kim,2016,100,SCZ/HC,rsfMRI,ML,86
rashid,kaufmann,2015,267,SCZ/HC,rsfMRI,ML,79.5
rashid,cheng,2015,48,SCZ/HC,rsfMRI,ML,80
rashid,fekete,2013,18,SCZ/HC,rsfMRI,ML,100
rashid,fan,2011,62,SCZ/HC,rsfMRI,ML,86
rashid,chyzhyk,2015,146,SCZ/HC,rsfMRI,ML,85.5
rashid,bassett,2012,58,SCZ/HC,rsfMRI,ML,75
rashid,arbabshirani,2013,56,SCZ/HC,rsfMRI,ML,96
rashid,anticevic,2013,180,SCZ/HC,rsfMRI,ML,73.9
rashid,anderson,2013,146,SCZ/HC,rsfMRI,ML,65
rashid,zhang,2013,148,SCZ/HC,sMRI,ML,71
rashid,zanetti,2013,124,SCZ/HC,sMRI,ML,73
rashid,takayanagi,2011,92,SCZ/HC,sMRI,ML,80
rashid,sun,2009,72,SCZ/HC,sMRI,ML,86
rashid,schnack,2014,334,SCZ/BP/HC,sMRI,ML,78.5
rashid,radulescu,2014,51,SCZ/HC,sMRI,ML,68.85
rashid,pina,2015,123,SCZ/HC,sMRI,ML,90
rashid,pardo,2006,28,SCZ/BP/HC,sMRI,ML,96
rashid,ota,2012,189,SCZ/HC,sMRI,ML,73
rashid,nieuwenhuls,2012,516,SCZ/HC,sMRI,ML,71
rashid,nakamura,2004,104,SCZ/HC,sMRI,ML,82
rashid,koutsoleris,2015,262,SCZ/MDD/HC,sMRI,ML,76
rashid,kawasaki,2007,92,SCZ/HC,sMRI,ML,85
rashid,kasparek,2011,78,SCZ/HC,sMRI,ML,72
rashid,karageorglou,2011,75,SCZ/HC,sMRI,ML,72
rashid,janousova,2015,58,SCZ/HC,sMRI,ML,81.6
rashid,iwabuchi,2013,39,SCZ/HC,sMRI,ML,71.8
rashid,ingalhallkar,2012,52,SCZ/HC,sMRI,ML,78
rashid,greenstein,2012,197,SCZ/HC,sMRI,ML,74
rashid,gould,2014,412,SCZ/HC,sMRI,ML,64
rashid,fan,2007,148,SCZ/HC,sMRI,ML,91
rashid,davatzikos,2005,148,SCZ/HC,sMRI,ML,81
rashid,csernansky,2004,117,SCZ/HC,sMRI,ML,79
rashid,castellani,2012,108,SCZ/HC,sMRI,ML,70.5
rashid,bansal,2012,105,SCZ/HC,sMRI,ML,94
rashid,ota,2013,50,SCZ/MDD/HC,sMRI,ML,80
rashid,sui,2013,63,SCZ/HC,sMRI/rsfMRI/dMRI,ML,79
rashid,yushkevich,2005,92,SCZ/HC,sMRI,ML,71
rashid,davatzikos,2005,138,SCZ/HC,sMRI,ML,81
rashid,shi,2007,83,SCZ/HC,sMRI,ML,80
rashid,pohl,2009,33,SCZ/HC,sMRI,ML,90
rashid,rathi,2010,41,SCZ/HC,dMRI,ML,85.5
rashid,mueller,2015,68,SCZ/HC,rsfMRI,ML,74
rashid,pouyan,2015,20,SCZ/HC,rsfMRI,ML,100
rashid,lee,2018,70,SCZ/HC,sMRI/dMRI,ML,88.55
rashid,pergola,2017,400,SCZ/HC,sMRI,ML,78
rashid,yiu,2018,79,SCZ/HC,rsfMRI,ML,89.87
rashid,winterburn,2017,449,SCZ/HC,sMRI,ML,73.5
rashid,kottaram,2018,82,SCZ/HC,rsfMRI,ML,91
rashid,dagnew,2017,40,SCZ/HC,sMRI,ML,74
rashid,lu,2016,84,SCZ/HC,sMRI,ML,88.4
rashid,tas,2018,46,SCZ/HC,sMRI,ML,78.26
rashid,cheng,2015,820,SCZ/HC,rsfMRI,ML,77.22
rashid,liu,2017,76,SCZ/HC,sMRI,ML,88.72
rashid,pavol,2018,154,SCZ/HC,dMRI,ML,62.34
rashid,zhu,2018,45,SCZ/HC,rsfMRI,ML,95.56
rashid,cao,2018,72,SCZ/HC,rsfMRI,ML,95.56
rashid,gheiratmand,2017,380,SCZ/HC,tfMRI,ML,74
rashid,chin,2018,212,SCZ/HC,sMRI,ML,86.6
rashid,guo,2016,181,SCZ/HC,sMRI,ML,96.3
rashid,cabral,2016,145,SCZ/HC,rsfMRI/sMRI,ML,75
rashid,rozycki,2017,941,SCZ/HC,sMRI,ML,76
rashid,rubin,2018,52,BP/MDD/HC,sMRI,ML,75
rashid,deng,2018,67,BP/MDD/HC,DTI,ML,68.3
rashid,gao,2017,73,BP/MDD/HC,rsfMRI,ML,93
rashid,yoshida,2017,123,BP/MDD/HC,rsfMRI,ML,80
rashid,li,2017,44,BP/MDD/HC,rsfMRI,ML,86
rashid,zhong,2017,165,MDD/HC,rsfMRI,ML,89.15
rashid,wang,2017,60,MDD/HC,rsfMRI,ML,95
rashid,schnyer,2017,50,MDD/HC,DTI,ML,74
rashid,sundermann,2017,360,MDD/HC,rsfMRI,ML,50.55
rashid,bhaumik,2017,67,MDD/HC,rsfMRI,ML,76.1
rashid,he,2017,86,MDD/BP/HC,rsfMRI/sMRI,ML,91.3
rashid,burger,2017,108,MDD/BP/HC,tfMRI,ML,72
rashid,sankar,2016,43,MDD/HC,sMRI,ML,70
rashid,frangou,2017,60,MDD/BP,tfMRI,ML,73.1
rashid,ramasubbu,2016,34,MDD/HC,rsfMRI,ML,66
rashid,yang,2016,32,MDD/HC,tfMRI,ML,75
rashid,rive,2016,81,MDD/BP/HC,sMRI/rsfMRI,ML,69.1
rashid,jie,2015,46,MDD/BP/HC,sMRI/rsfMRI,ML,92.1
rashid,foland,2015,33,MDD/HC,sMRI,ML,69.7
rashid,sacchet,2015,118,MDD/HC,sMRI,ML,62.8
rashid,sacchet,2015,101,BP/HC,sMRI,ML,62.8
rashid,sacchet,2015,32,MDD/HC,DTI,ML,71.9
rashid,joao,2015,46,MDD/HC,tfMRI,ML,78.3
rashid,johnston,2015,41,MDD/HC,sMRI,ML,85
rashid,johnston,2015,40,MDD/HC,tfMRI,ML,97
rashid,koutsoleris,2015,262,MDD/HC,sMRI,ML,76
rashid,shimizu,2015,62,MDD/HC,tfMRI,ML,95
rashid,fung,2015,35,MDD/BP/HC,sMRI,ML,74.3
rashid,rosa,2015,38,MDD/HC,tfMRI,ML,85
rashid,patel,2015,68,MDD/HC,rsfMRI/sMRI/DTI,ML,87.3
rashid,redlich,2014,116,MDD/BP/HC,sMRI,ML,79.3
rashid,cao,2014,76,MDD/HC,rsfMRI,ML,84
rashid,macmaster,2014,43,MDD/BP/HC,sMRI,ML,81
rashid,zeng,2014,53,MDD/HC,rsfMRI,ML,92.5
rashid,rondina,2014,60,MDD/HC,tfMRI,ML,72
rashid,guo,2014,63,MDD/HC,rsfMRI,ML,90.5
rashid,serpa,2014,57,MDD/HC,sMRI,ML,59.6
rashid,serpa,2014,42,MDD/BP,sMRI,ML,54.8
rashid,habes,2013,18,MDD/HC,tfMRI,ML,72.2
rashid,wei,2013,40,MDD/HC,rsfMRI,ML,90
rashid,grotegerd,2014,44,MDD/BP/HC,tfMRI,ML,79.6
rashid,yu,2013,51,MDD/HC,rsfMRI,ML,80.9
rashid,modinos,2013,34,MDD/HC,rsfMRI,ML,77
rashid,ma,2013,37,MDD/HC,rsfMRI,ML,91.9
rashid,grotegerd,2013,30,MDD/BP/HC,tfMRI,ML,90
rashid,fang,2012,48,MDD/HC,DTI,ML,91.7
rashid,mwangi,2012,124,MDD/HC,sMRI,ML,90.3
rashid,lord,2012,44,MDD/HC,rsfMRI,ML,99
rashid,zeng,2012,53,MDD/HC,rsfMRI,ML,94.3
rashid,mourao,2011,38,MDD/HC,tfMRI,ML,52
rashid,hahn,2011,60,MDD/HC,tfMRI,ML,83
rashid,nouretdinov,2011,38,MDD/HC,tfMRI,ML,76.3
rashid,costafreda,2009,74,MDD/HC,sMRI,ML,67.6
rashid,fu,2008,38,MDD/HC,tfMRI,ML,86
rashid,matsuo,2018,1531,MDD/BP/HC,sMRI,ML,88.1
rashid,geng,2018,48,MDD/HC,rsfMRI,ML,91.7
rashid,rubin,2018,52,MDD/BP/HC,sMRI,ML,75
rashid,nunes,2018,3020,BP/HC,sMRI,ML,81.1
rashid,yang,2018,307,MDD/HC,dMRI/sMRI,ML,75.1
colombo,achalia,2020,60,BP/HC,sMRI,ML,77.8
colombo,achalia,2020,60,BP/HC,DTI,ML,74
colombo,anticevic,2014,184,BP/HC,rsfMRI,ML,61.7
colombo,bancal,2012,91,BP/SCZ,sMRI,ML,99.9
colombo,bancal,2012,66,BP/HC,sMRI,ML,100
colombo,besga,2012,37,BP/HC,DTI,ML,100
colombo,besga,2016,33,BP/HC,DTI,ML,66.8
colombo,burger,2017,108,BP/MDD,fMRI,ML,70.8
colombo,du,2020,623,BP/SCZ/SAD/HC,rsfMRI,ML,60
colombo,frangou,2017,60,BP/HC,fMRI,ML,83.5
colombo,fung,2015,35,BP/MDD,sMRI,ML,74.3
colombo,grotegerd,2013,20,BP/MDD,fMRI,ML,82.5
colombo,grotegerd,2013,20,BP/HC,fMRI,ML,65
colombo,grotegerd,2014,44,BP/MDD,fMRI,ML,77.3
colombo,he,2017,86,BP/MDD/HC,sMRI,ML,89.4
colombo,he,2017,86,BP/MDD/HC,fMRI,ML,90.5
colombo,jie,2015,50,BP/MDD,rsfMRI,ML,88
colombo,jie,2015,45,BP/HC,rsfMRI,ML,82.2
colombo,li,2017,44,BP/MDD,rsfMRI,ML,86
colombo,li,2017,44,BP/HC,rsfMRI,ML,81
colombo,li,2020,80,BP/HC,sMRI/fMRI,ML,75
colombo,lin,2018,76,BP/HC,sMRI,ML,90.7
colombo,matsubara,2019,96,BP/SCZ,rsfMRI,DL,71.3
colombo,matsubara,2019,163,BP/HC,rsfMRI,DL,64
colombo,mourao,2012,36,BP/MDD,fMRI,ML,67
colombo,mourao,2012,36,BP/HC,fMRI,ML,64
colombo,mwangi,2016,256,BP/HC,sMRI,ML,67.6
colombo,rashid,2016,159,BP/MDD/HC,rsfMRI,ML,88.7
colombo,rive,2016,91,BP/MDD,rsfMRI/sMRI,ML,69.1
colombo,roberts,2017,200,BP/MDD/HC,rsfMRL,ML,64.3
colombo,rocha,2014,80,BP/HC,sMRI,ML,72.5
colombo,rubin,2018,118,BP/MDD,sMRI,ML,71.6
colombo,salvador,2017,256,BP/SCZ,sMRI,ML,65.2
colombo,salvador,2017,255,BP/HC,sMRI,ML,65.5
colombo,schnack,2014,334,BP/MDD/HC,sMRI,ML,65
colombo,serpa,2014,94,BP/HC,sMRI,ML,66
colombo,serpa,2014,42,BP/MDD,sMRI,ML,54.8
colombo,shan,2020,82,BP/HC,rsfMRI,ML,91.9
colombo,shao,2019,266,BP/MDD/HC,rsfMRI,ML,80.4
colombo,squarcina,2019,75,BP/HC,sMRI,DL,75
colombo,sutcubasi,2019,80,BP/SCZ,DTI,DL,81.3
colombo,vai,2020,148,BP/MDD,DTI,ML,73.7
colombo,vai,2020,148,BP/HC,DTI,ML,77.7
colombo,wang,2020,207,BP/HC,rsfMRI,ML,80.5
colombo,yang,2019,190,BP/HC,sMRI,ML,81.5
colombo,yu,2020,46,BP/MDD,rsfMRI,ML,91.3
colombo,yu,2020,46,BP/HC,rsfMRI,ML,89.1
